nicenames,data,model,tidy,r.squared,adj.r.squared,sigma,statistic,p.value,df,logLik,AIC,BIC,deviance,df.residual,nobs
Heterotrophic Bacteria,,,,0.709947502635108,0.6897112818887201,0.44946860777065106,35.08300841014666,1.2557003056495534e-11,3,-27.014449655241524,64.02889931048304,73.27963731903334,8.686947262965358,43,47
M:C,,,,0.07685681923146942,0.010918020605145795,1.1420482090812056,1.1655780941205562,0.3342198295709746,3,-69.28869457637482,148.57738915274965,157.72059613519514,54.77951269835476,42,46
BIX,,,,0.11196795989319303,0.048537099885564094,1.0489711166790403,1.7651969385205593,0.1684885540174944,3,-65.37807219350212,140.75614438700424,149.89935136944973,46.21429695232866,42,46
HIX,,,,0.18587956233359507,0.12772810250028044,1.0177834256633351,3.1964728463636223,0.0329965050200156,3,-63.98967055476326,137.9793411095265,147.122548091972,43.507090265309735,42,46
Nitrate+Nitrite,,,,0.6555749811141541,0.6315453286337462,0.466903412208599,27.281916858708858,4.863708616185568e-10,3,-28.80310030513883,67.60620061027765,76.85693861882795,9.373948242277415,43,47
Ammonium,,,,0.6141748173512488,0.5866158757334808,0.3365933958726969,22.28586372690288,8.62230357022899e-9,3,-13.090359222634897,36.18071844526979,45.32392542771527,4.758394794094789,42,46
