name,meanval_July,meanval_August (Upwelling),seval_July,seval_August (Upwelling)
bix,0.9787533694333334,0.942931535625,0.030176312130178518,0.019444115447680776
do_mg_l,9.41047619047619,12.689172074046875,0.3044332305066822,0.7765531995954252
fi,1.60959436465,1.620377872453125,0.02519522911493708,0.028132861275153256
heterotrophic_bacterioplankton_m_l,641.1947619047619,562.86015625,32.675532259493885,26.48345308257954
hix,1.19000113735,0.84147878059375,0.0712929335788723,0.03634840016882666
m_c,1.0986433179166666,1.096980976421875,0.021136950473427594,0.021852479481542533
nh4_umol_l,12.071538742857143,7.206041035161291,1.1668524538269212,0.7267583216369042
nn_umol_l,4.003030161269841,7.44003935,0.5775240855003273,0.7224051419031368
